{"stat.pickup.minecraft.log":6,"stat.flyOneCm":566,"stat.walkOneCm":18409,"stat.jump":11,"stat.mineBlock.minecraft.leaves":5,"stat.playOneMinute":2467,"achievement.openInventory":4,"stat.craftItem.minecraft.planks":16,"stat.leaveGame":1,"stat.craftItem.minecraft.crafting_table":1,"stat.timeSinceDeath":2467,"achievement.mineWood":2,"stat.pickup.minecraft.dirt":1,"stat.sprintOneCm":6526,"stat.mineBlock.minecraft.dirt":1,"stat.mineBlock.minecraft.log":6,"achievement.exploreAllBiomes":{"value":0,"progress":["Forest"]}}