{"stat.pickup.minecraft.wooden_slab":44,"stat.leaveGame":27,"stat.craftItem.minecraft.iron_axe":10,"stat.useItem.minecraft.planks":66,"stat.pickup.minecraft.glass":24,"stat.useItem.minecraft.water_bucket":14,"stat.mineBlock.minecraft.stone_brick_stairs":3,"stat.pickup.minecraft.rotten_flesh":23,"stat.pickup.minecraft.sand":279,"stat.craftItem.minecraft.stone_axe":1,"stat.pickup.minecraft.bucket":2,"stat.mineBlock.minecraft.wooden_slab":40,"stat.craftItem.minecraft.cobblestone_wall":6,"stat.craftItem.minecraft.stone_sword":1,"stat.craftItem.minecraft.iron_shovel":14,"stat.mineBlock.minecraft.sand":282,"achievement.buildPickaxe":2,"achievement.buildBetterPickaxe":2,"stat.useItem.minecraft.iron_pickaxe":1937,"stat.craftItem.minecraft.wooden_pickaxe":1,"stat.useItem.minecraft.iron_shovel":3353,"stat.pickup.minecraft.double_plant":3,"stat.craftItem.minecraft.bed":2,"stat.craftItem.minecraft.glass_pane":64,"stat.useItem.minecraft.oak_stairs":333,"stat.furnaceInteraction":83,"stat.pickup.minecraft.beef":1,"stat.pickup.minecraft.furnace":1,"stat.useItem.minecraft.redstone":7,"achievement.mineWood":898,"stat.useItem.minecraft.fence":95,"stat.useItem.minecraft.stone_stairs":38,"achievement.openInventory":289,"stat.pickup.minecraft.stone_stairs":15,"stat.mineBlock.minecraft.fence":12,"stat.useItem.minecraft.wheat_seeds":55,"stat.useItem.minecraft.dye":6,"stat.mineBlock.minecraft.oak_stairs":36,"stat.deaths":34,"stat.playOneMinute":887886,"stat.craftItem.minecraft.iron_pickaxe":10,"stat.useItem.minecraft.shears":552,"stat.pickup.minecraft.glass_pane":3,"stat.drop.minecraft.torch":1,"stat.mineBlock.minecraft.tallgrass":54,"stat.chestOpened":117,"stat.useItem.minecraft.stone":7,"stat.pickup.minecraft.arrow":5,"stat.fallOneCm":164677,"stat.crouchOneCm":65933,"stat.mineBlock.minecraft.chest":1,"stat.craftItem.minecraft.iron_ingot":137,"stat.craftItem.minecraft.chest":6,"stat.craftingTableInteraction":91,"stat.useItem.minecraft.furnace":8,"stat.pickup.minecraft.dye":48,"stat.pickup.minecraft.planks":63,"stat.pickup.minecraft.wheat_seeds":89,"stat.mineBlock.minecraft.gravel":17,"stat.useItem.minecraft.stone_pickaxe":264,"stat.breakItem.minecraft.stone_axe":1,"stat.useItem.minecraft.stone_sword":62,"stat.craftItem.minecraft.oak_stairs":360,"stat.mineBlock.minecraft.dirt":3273,"stat.drop.minecraft.iron_axe":1,"stat.useItem.minecraft.torch":115,"stat.craftItem.minecraft.stone_stairs":28,"stat.useItem.minecraft.log":152,"stat.pickup.minecraft.crafting_table":7,"stat.useItem.minecraft.cobblestone":44,"stat.craftItem.minecraft.crafting_table":4,"stat.pickup.minecraft.log":980,"stat.pickup.minecraft.tallgrass":1,"stat.craftItem.minecraft.gold_ingot":6,"stat.pickup.minecraft.sapling":295,"stat.pickup.minecraft.apple":24,"stat.useItem.minecraft.glass_pane":56,"stat.breakItem.minecraft.stone_shovel":1,"stat.craftItem.minecraft.bucket":1,"stat.craftItem.minecraft.planks":2072,"stat.useItem.minecraft.stonebrick":705,"stat.mineBlock.minecraft.log":968,"stat.craftItem.minecraft.wooden_door":6,"stat.useItem.minecraft.stone_hoe":22,"stat.useItem.minecraft.wooden_door":2,"stat.pickup.minecraft.red_flower":1,"stat.sneakTime":31624,"stat.pickup.minecraft.wool":13,"stat.drop.minecraft.bucket":2,"stat.pickup.minecraft.stone_slab":7,"stat.pickup.minecraft.chest":1,"stat.pickup.minecraft.bone":9,"stat.useItem.minecraft.iron_axe":1947,"stat.mineBlock.minecraft.cobblestone":1,"stat.craftItem.minecraft.stone_brick_stairs":48,"stat.swimOneCm":93117,"stat.climbOneCm":7683,"stat.mineBlock.minecraft.spruce_stairs":60,"achievement.buildWorkBench":3,"stat.breakItem.minecraft.iron_pickaxe":7,"stat.useItem.minecraft.dirt":3084,"stat.pickup.minecraft.bow":1,"achievement.exploreAllBiomes":{"value":0,"progress":["ForestHills","Beach","Birch Forest","Forest","River","Ocean","Plains","Taiga"]},"stat.craftItem.minecraft.furnace":7,"stat.craftItem.minecraft.stone_pickaxe":2,"stat.craftItem.minecraft.cooked_beef":1,"stat.pickup.minecraft.cobblestone":1531,"stat.mineBlock.minecraft.clay":27,"stat.useItem.minecraft.stone_shovel":135,"stat.flyOneCm":324628,"stat.useItem.minecraft.cooked_beef":1,"stat.craftItem.minecraft.wooden_slab":462,"stat.pickup.minecraft.redstone":195,"stat.mineBlock.minecraft.iron_ore":139,"stat.timeSinceDeath":1845,"stat.useItem.minecraft.wooden_slab":388,"stat.craftItem.minecraft.stonebrick":868,"stat.pickup.minecraft.stonebrick":45,"stat.mineBlock.minecraft.coal_ore":299,"stat.drop.minecraft.wool":5,"stat.killEntity.Creeper":1,"stat.craftItem.minecraft.stone_hoe":1,"stat.pickup.minecraft.string":2,"stat.mineBlock.minecraft.ladder":2,"stat.craftItem.minecraft.brick_block":16,"stat.entityKilledBy.Skeleton":5,"stat.useItem.minecraft.spruce_fence":40,"stat.sprintOneCm":438591,"stat.mineBlock.minecraft.stone_slab":7,"stat.craftItem.minecraft.stick":248,"stat.useItem.minecraft.stone_slab":253,"stat.useItem.minecraft.bed":3,"stat.craftItem.minecraft.stone":899,"stat.mineBlock.minecraft.diamond_ore":16,"stat.mineBlock.minecraft.crafting_table":7,"stat.useItem.minecraft.bucket":14,"stat.entityKilledBy.Creeper":3,"stat.breakItem.minecraft.shears":2,"stat.mineBlock.minecraft.planks":5,"stat.drop":9,"stat.breakItem.minecraft.iron_shovel":13,"stat.killEntity.Zombie":17,"stat.craftItem.minecraft.dye":6,"stat.mineBlock.minecraft.gold_ore":6,"stat.diveOneCm":82463,"stat.pickup.minecraft.wheat":38,"stat.pickup.minecraft.gravel":19,"stat.useItem.minecraft.apple":24,"stat.useItem.minecraft.rotten_flesh":8,"stat.pickup.minecraft.stone_brick_stairs":2,"stat.jump":7325,"stat.useItem.minecraft.sand":55,"stat.pickup.minecraft.fence":12,"stat.pickup.minecraft.coal":297,"stat.pickup.minecraft.iron_ingot":266,"stat.useItem.minecraft.stone_axe":133,"stat.pickup.minecraft.gunpowder":1,"stat.craftItem.minecraft.torch":132,"stat.pickup.minecraft.dirt":3146,"stat.pickup.minecraft.iron_ore":138,"stat.useItem.minecraft.sapling":20,"stat.pickup.minecraft.gold_ore":6,"stat.mineBlock.minecraft.lapis_ore":10,"stat.pickup.minecraft.iron_axe":1,"stat.pickup.minecraft.leaves":481,"stat.mineBlock.minecraft.glass_pane":6,"stat.mineBlock.minecraft.stone_stairs":15,"stat.damageTaken":9440,"stat.pickup.minecraft.leather":2,"stat.useItem.minecraft.stone_brick_stairs":50,"stat.mineBlock.minecraft.furnace":1,"stat.mineBlock.minecraft.torch":18,"stat.mineBlock.minecraft.red_flower":1,"stat.useItem.minecraft.wooden_pickaxe":60,"stat.mineBlock.minecraft.sapling":4,"stat.pickup.minecraft.bed":1,"stat.pickup.minecraft.oak_stairs":36,"stat.entityKilledBy.Zombie":4,"stat.damageDealt":6268,"stat.craftItem.minecraft.glass":51,"stat.sleepInBed":19,"stat.killEntity.Cow":1,"stat.useItem.minecraft.crafting_table":11,"stat.craftItem.minecraft.stone_slab":502,"stat.craftItem.minecraft.stone_shovel":1,"stat.walkOneCm":3835087,"stat.animalsBred":11,"stat.useItem.minecraft.chest":5,"stat.pickup.minecraft.stick":464,"stat.pickup.minecraft.clay_ball":108,"stat.breakItem.minecraft.stone_pickaxe":2,"stat.pickup.minecraft.stone":214,"stat.useItem.minecraft.spruce_stairs":224,"stat.killEntity.Skeleton":6,"stat.mineBlock.minecraft.stonebrick":46,"stat.killEntity.Spider":2,"stat.craftItem.minecraft.spruce_fence":48,"stat.mobKills":29,"stat.craftItem.minecraft.shears":3,"stat.craftItem.minecraft.fence":129,"stat.breakItem.minecraft.iron_axe":7,"stat.useItem.minecraft.cobblestone_wall":2,"stat.pickup.minecraft.diamond":16,"stat.mineBlock.minecraft.leaves":1703,"stat.pickup.minecraft.torch":29,"stat.pickup.minecraft.spruce_stairs":59,"stat.mineBlock.minecraft.redstone_ore":45,"stat.craftItem.minecraft.spruce_stairs":200,"stat.craftItem.minecraft.brick":108,"stat.mineBlock.minecraft.stone":1573,"stat.breakItem.minecraft.wooden_pickaxe":1}