{"stat.chestOpened":4,"stat.walkOneCm":41821,"achievement.openInventory":5,"stat.craftItem.minecraft.planks":176,"stat.useItem.minecraft.iron_axe":66,"stat.leaveGame":1,"stat.mineBlock.minecraft.log":44,"stat.pickup.minecraft.log":44,"stat.flyOneCm":374,"stat.jump":118,"stat.swimOneCm":5453,"stat.mineBlock.minecraft.leaves":21,"stat.playOneMinute":7836,"stat.fallOneCm":958,"stat.damageDealt":19,"stat.timeSinceDeath":7836,"achievement.mineWood":43,"stat.pickup.minecraft.sapling":1,"stat.pickup.minecraft.dirt":1,"stat.mineBlock.minecraft.dirt":1,"stat.sprintOneCm":1723,"achievement.exploreAllBiomes":{"value":0,"progress":["Birch Forest","Forest"]},"stat.mineBlock.minecraft.tallgrass":4,"stat.diveOneCm":4607,"stat.craftingTableInteraction":2}