{"stat.useItem.minecraft.bow":2,"stat.pickup.minecraft.wooden_slab":318,"stat.leaveGame":36,"stat.craftItem.minecraft.iron_axe":4,"stat.useItem.minecraft.mutton":6,"stat.useItem.minecraft.planks":532,"stat.drop.minecraft.wooden_door":2,"stat.pickup.minecraft.porkchop":26,"stat.mineBlock.minecraft.red_mushroom":1,"stat.useItem.minecraft.water_bucket":127,"stat.mineBlock.minecraft.stone_brick_stairs":3,"stat.pickup.minecraft.rotten_flesh":31,"stat.pickup.minecraft.sand":115,"stat.entityKilledBy.Spider":6,"achievement.diamonds":16,"stat.pickup.minecraft.bucket":2,"stat.mineBlock.minecraft.wooden_slab":213,"stat.craftItem.minecraft.stone_sword":1,"stat.craftItem.minecraft.iron_shovel":9,"stat.pickup.minecraft.brown_mushroom":19,"achievement.buildPickaxe":31,"stat.mineBlock.minecraft.sand":138,"achievement.buildBetterPickaxe":30,"stat.useItem.minecraft.iron_pickaxe":4262,"stat.drop.minecraft.diamond":1,"stat.craftItem.minecraft.wooden_pickaxe":2,"stat.useItem.minecraft.iron_shovel":1969,"stat.pickup.minecraft.double_plant":19,"stat.craftItem.minecraft.birch_door":3,"stat.craftItem.minecraft.bed":6,"stat.craftItem.minecraft.glass_pane":128,"stat.furnaceInteraction":135,"stat.pickup.minecraft.wooden_button":2,"stat.pickup.minecraft.beef":51,"stat.useItem.minecraft.cooked_mutton":1,"stat.pickup.minecraft.furnace":3,"achievement.mineWood":1203,"stat.useItem.minecraft.fence":21,"achievement.openInventory":867,"stat.mineBlock.minecraft.fence":1,"stat.useItem.minecraft.wheat_seeds":26,"stat.useItem.minecraft.beef":25,"stat.deaths":64,"stat.pickup.minecraft.egg":2,"stat.playOneMinute":1267796,"stat.craftItem.minecraft.iron_pickaxe":23,"stat.useItem.minecraft.shears":2127,"stat.drop.minecraft.torch":2,"stat.mineBlock.minecraft.tallgrass":163,"stat.craftItem.minecraft.cooked_mutton":1,"stat.chestOpened":483,"stat.pickup.minecraft.pumpkin":19,"stat.craftItem.minecraft.sign":12,"stat.useItem.minecraft.stone":182,"stat.pickup.minecraft.arrow":35,"stat.pickup.minecraft.wooden_pressure_plate":3,"stat.craftItem.minecraft.coal":64,"stat.drop.minecraft.iron_pickaxe":2,"stat.craftItem.minecraft.iron_hoe":1,"stat.fallOneCm":119143,"stat.pickup.minecraft.carrot":82,"stat.drop.minecraft.stone_sword":1,"stat.crouchOneCm":479,"achievement.killCow":9,"stat.mineBlock.minecraft.chest":3,"stat.craftItem.minecraft.iron_ingot":216,"stat.craftItem.minecraft.chest":22,"stat.pickup.minecraft.red_mushroom":5,"stat.useItem.minecraft.iron_hoe":120,"stat.craftingTableInteraction":168,"stat.mineBlock.minecraft.wooden_pressure_plate":3,"stat.craftItem.minecraft.wooden_button":2,"stat.useItem.minecraft.furnace":13,"stat.pickup.minecraft.dye":206,"stat.pickup.minecraft.planks":129,"stat.craftItem.minecraft.diamond_shovel":4,"stat.pickup.minecraft.wheat_seeds":167,"stat.mineBlock.minecraft.gravel":155,"stat.useItem.minecraft.stone_pickaxe":580,"stat.craftItem.minecraft.birch_stairs":16,"stat.useItem.minecraft.stone_sword":132,"stat.useItem.minecraft.wool":1,"stat.mineBlock.minecraft.dirt":6878,"stat.pickup.minecraft.poisonous_potato":1,"stat.drop.minecraft.iron_axe":2,"stat.useItem.minecraft.torch":282,"stat.useItem.minecraft.log":204,"stat.useItem.minecraft.cobblestone":590,"stat.craftItem.minecraft.crafting_table":9,"stat.useItem.minecraft.gravel":28,"stat.mineBlock.minecraft.double_plant":13,"stat.craftItem.minecraft.boat":1,"stat.pickup.minecraft.iron_hoe":1,"stat.pickup.minecraft.log":1343,"stat.pickup.minecraft.iron_pickaxe":5,"stat.pickup.minecraft.tallgrass":9,"stat.drop.minecraft.planks":1,"stat.pickup.minecraft.chicken":1,"stat.pickup.minecraft.sapling":236,"stat.pickup.minecraft.wooden_door":7,"stat.entityKilledBy.Enderman":1,"stat.pickup.minecraft.apple":25,"stat.useItem.minecraft.glass_pane":55,"stat.useItem.minecraft.birch_door":1,"stat.pickup.minecraft.beetroot":27,"stat.craftItem.minecraft.bucket":3,"stat.craftItem.minecraft.planks":1912,"stat.pickup.minecraft.stone_sword":1,"stat.useItem.minecraft.wooden_pressure_plate":3,"stat.useItem.minecraft.stonebrick":312,"stat.pickup.minecraft.book":42,"stat.mineBlock.minecraft.log":1268,"stat.craftItem.minecraft.wooden_door":12,"stat.useItem.minecraft.wooden_door":7,"achievement.acquireIron":24,"stat.pickup.minecraft.red_flower":15,"stat.useItem.minecraft.beetroot_seeds":8,"stat.sneakTime":2214,"stat.pickup.minecraft.wool":42,"stat.drop.minecraft.bucket":2,"stat.useItem.minecraft.baked_potato":3,"stat.useItem.minecraft.wooden_axe":90,"stat.pickup.minecraft.yellow_flower":1,"stat.pickup.minecraft.chest":4,"stat.pickup.minecraft.bone":44,"stat.useItem.minecraft.iron_axe":898,"stat.mineBlock.minecraft.cobblestone":205,"stat.mineBlock.minecraft.pumpkin":16,"stat.pickup.minecraft.flint":26,"stat.mineBlock.minecraft.yellow_flower":2,"stat.craftItem.minecraft.stone_brick_stairs":20,"stat.mineBlock.minecraft.brown_mushroom":8,"stat.useItem.minecraft.diamond_sword":32,"stat.swimOneCm":542740,"stat.climbOneCm":79841,"achievement.buildWorkBench":8,"stat.breakItem.minecraft.iron_pickaxe":16,"stat.useItem.minecraft.dirt":2130,"stat.pickup.minecraft.bow":1,"achievement.exploreAllBiomes":{"value":0,"progress":["Birch Forest Hills","ForestHills","Beach","Birch Forest","Forest","River","Ocean","Plains","Taiga","Extreme Hills","TaigaHills","Deep Ocean"]},"stat.craftItem.minecraft.furnace":13,"stat.craftItem.minecraft.trapdoor":2,"stat.craftItem.minecraft.stone_pickaxe":6,"stat.craftItem.minecraft.cooked_beef":10,"stat.pickup.minecraft.shears":3,"stat.pickup.minecraft.cobblestone":3345,"stat.mineBlock.minecraft.clay":35,"stat.flyOneCm":336697,"stat.useItem.minecraft.cooked_beef":10,"stat.craftItem.minecraft.wooden_slab":1563,"stat.pickup.minecraft.redstone":1009,"stat.mineBlock.minecraft.iron_ore":253,"stat.timeSinceDeath":6629,"stat.drop.minecraft.log":2,"stat.useItem.minecraft.sign":15,"stat.useItem.minecraft.wooden_slab":1145,"stat.pickup.minecraft.mutton":10,"stat.craftItem.minecraft.stonebrick":268,"stat.useItem.minecraft.potato":11,"stat.pickup.minecraft.stonebrick":161,"stat.drop.minecraft.dirt":4,"stat.pickup.minecraft.iron_shovel":2,"stat.pickup.minecraft.diamond_shovel":3,"stat.mineBlock.minecraft.coal_ore":348,"stat.craftItem.minecraft.stone_hoe":1,"stat.talkedToVillager":26,"stat.pickup.minecraft.string":6,"stat.mineBlock.minecraft.ladder":11,"stat.entityKilledBy.Skeleton":20,"stat.drop.minecraft.birch_fence":1,"achievement.buildSword":2,"stat.sprintOneCm":915970,"stat.useItem.minecraft.diamond_shovel":4927,"stat.craftItem.minecraft.stick":624,"stat.craftItem.minecraft.wooden_axe":2,"stat.useItem.minecraft.bed":23,"stat.craftItem.minecraft.stone":275,"stat.mineBlock.minecraft.diamond_ore":15,"stat.mineBlock.minecraft.crafting_table":1,"stat.useItem.minecraft.diamond_pickaxe":641,"stat.useItem.minecraft.carrot":36,"stat.craftItem.minecraft.wooden_pressure_plate":32,"stat.useItem.minecraft.bucket":128,"stat.entityKilledBy.Creeper":8,"achievement.killEnemy":21,"stat.breakItem.minecraft.shears":8,"achievement.buildFurnace":13,"stat.mineBlock.minecraft.planks":60,"stat.drop":32,"stat.killEntity.Sheep":8,"stat.breakItem.minecraft.iron_shovel":6,"stat.useItem.minecraft.ladder":116,"stat.craftItem.minecraft.emerald":11,"stat.craftItem.minecraft.diamond_pickaxe":1,"stat.killEntity.Zombie":19,"stat.useItem.minecraft.birch_stairs":9,"stat.craftItem.minecraft.diamond_axe":1,"stat.mineBlock.minecraft.gold_ore":22,"stat.diveOneCm":166189,"stat.pickup.minecraft.wheat":48,"stat.craftItem.minecraft.ladder":117,"achievement.buildHoe":2,"stat.pickup.minecraft.sign":6,"stat.pickup.minecraft.gravel":135,"stat.craftItem.minecraft.cooked_porkchop":2,"stat.useItem.minecraft.chicken":1,"stat.useItem.minecraft.diamond_axe":1245,"stat.useItem.minecraft.apple":20,"stat.breakItem.minecraft.wooden_axe":2,"stat.useItem.minecraft.porkchop":18,"stat.pickup.minecraft.stone_brick_stairs":3,"stat.craftItem.minecraft.diamond_sword":1,"stat.jump":11059,"stat.pickup.minecraft.fence":1,"stat.pickup.minecraft.coal":384,"stat.pickup.minecraft.iron_ingot":8,"stat.pickup.minecraft.spider_eye":1,"stat.craftItem.minecraft.torch":600,"stat.pickup.minecraft.dirt":6782,"stat.pickup.minecraft.iron_ore":341,"stat.boatOneCm":194750,"stat.useItem.minecraft.sapling":3,"stat.pickup.minecraft.gold_ore":44,"stat.mineBlock.minecraft.lapis_ore":25,"stat.pickup.minecraft.iron_axe":4,"stat.pickup.minecraft.leaves":1946,"stat.mineBlock.minecraft.glass_pane":8,"stat.pickup.minecraft.leather":55,"stat.damageTaken":17950,"stat.drop.minecraft.iron_hoe":1,"stat.useItem.minecraft.stone_brick_stairs":23,"stat.mineBlock.minecraft.torch":19,"stat.mineBlock.minecraft.furnace":3,"stat.mineBlock.minecraft.red_flower":1,"stat.useItem.minecraft.wooden_pickaxe":55,"stat.tradedWithVillager":12,"stat.mineBlock.minecraft.sapling":2,"stat.pickup.minecraft.reeds":34,"stat.pickup.minecraft.bed":19,"stat.craftItem.minecraft.birch_fence":27,"stat.useItem.minecraft.birch_fence":9,"stat.pickup.minecraft.potato":71,"stat.entityKilledBy.Zombie":13,"stat.pickup.minecraft.diamond_axe":3,"stat.damageDealt":14373,"stat.craftItem.minecraft.glass":52,"stat.sleepInBed":48,"stat.craftItem.minecraft.baked_potato":5,"stat.killEntity.Cow":23,"stat.useItem.minecraft.crafting_table":9,"stat.killEntity.Pig":11,"stat.pickup.minecraft.boat":10,"stat.walkOneCm":4901471,"stat.mineBlock.minecraft.birch_fence":9,"stat.useItem.minecraft.chest":28,"stat.pickup.minecraft.stick":34,"stat.pickup.minecraft.diamond_pickaxe":2,"stat.pickup.minecraft.clay_ball":128,"stat.breakItem.minecraft.stone_pickaxe":3,"stat.drop.minecraft.diamond_axe":2,"stat.pickup.minecraft.stone":733,"stat.mineBlock.minecraft.wool":1,"stat.useItem.minecraft.leaves":668,"stat.drop.minecraft.wooden_slab":3,"stat.pickup.minecraft.ladder":13,"stat.killEntity.Skeleton":10,"stat.mineBlock.minecraft.stonebrick":153,"stat.killEntity.Chicken":1,"stat.killEntity.Spider":6,"stat.mobKills":82,"stat.mineBlock.minecraft.bookshelf":7,"stat.craftItem.minecraft.shears":13,"stat.craftItem.minecraft.fence":36,"stat.pickup.minecraft.birch_fence":10,"stat.useItem.minecraft.boat":10,"stat.breakItem.minecraft.iron_axe":3,"stat.pickup.minecraft.diamond":29,"stat.mineBlock.minecraft.leaves":2738,"stat.pickup.minecraft.beetroot_seeds":72,"stat.breakItem.minecraft.diamond_shovel":2,"stat.pickup.minecraft.torch":28,"stat.mineBlock.minecraft.redstone_ore":125,"stat.drop.minecraft.diamond_shovel":4,"stat.drop.minecraft.shears":2,"stat.breakItem.minecraft.stone_sword":1,"stat.mineBlock.minecraft.stone":4003}